{
  "id": "1503155",
  "name": "hua'wei",
  "font_family": "iconfont",
  "css_prefix_text": "icon",
  "description": "",
  "glyphs": [
    {
      "icon_id": "1220357",
      "name": "sousuo",
      "font_class": "weibiaoti10",
      "unicode": "e615",
      "unicode_decimal": 58901
    },
    {
      "icon_id": "9579092",
      "name": "listen",
      "font_class": "listen",
      "unicode": "e605",
      "unicode_decimal": 58885
    },
    {
      "icon_id": "5485343",
      "name": "左箭头",
      "font_class": "arrow-left",
      "unicode": "e601",
      "unicode_decimal": 58881
    },
    {
      "icon_id": "2228192",
      "name": "weixin",
      "font_class": "xiangmulan-weixinhao",
      "unicode": "e628",
      "unicode_decimal": 58920
    },
    {
      "icon_id": "2749249",
      "name": "微博",
      "font_class": "weibo",
      "unicode": "e810",
      "unicode_decimal": 59408
    },
    {
      "icon_id": "3661335",
      "name": "头条",
      "font_class": "toutiao",
      "unicode": "e613",
      "unicode_decimal": 58899
    },
    {
      "icon_id": "7613228",
      "name": "华为",
      "font_class": "huawei",
      "unicode": "e667",
      "unicode_decimal": 58983
    },
    {
      "icon_id": "3040879",
      "name": "右箭头",
      "font_class": "arrow-sl",
      "unicode": "e715",
      "unicode_decimal": 59157
    },
    {
      "icon_id": "491286",
      "name": "搜索",
      "font_class": "sousuo",
      "unicode": "e603",
      "unicode_decimal": 58883
    }
  ]
}
